{
  "status": "success",
  "predictions": [
    0,
    0,
    0,
    0,
    0,
    0,
    0,
    0,
    0,
    0
  ],
  "probabilities": [
    0.40967109580175437,
    0.4167981776871795,
    0.24899978969705586,
    0.40825338250804416,
    0.2673666777028546,
    0.40299952457240035,
    0.41346912845394984,
    0.4100164644327337,
    0.4095842960543911,
    0.24627650145562807
  ],
  "ids": [
    1001,
    1002,
    1003,
    1004,
    1005,
    1006,
    1007,
    1008,
    1009,
    1010
  ],
  "count": 10,
  "distribution": {
    "class_0": 10,
    "class_1": 0,
    "class_0_percent": 100.0,
    "class_1_percent": 0.0
  }
}